City_ID,City,Lat,Lng,Max Temp,Humidity,Cloudiness,Wind Speed,Country,Date
0,beringovskiy,63.05,179.3167,-21.53,97,100,5.27,RU,1676832141
1,mataura,-46.1927,168.8643,10.8,97,39,1.21,NZ,1676832142
2,kapaa,22.0752,-159.319,21.99,94,100,2.29,US,1676832143
3,nanortalik,60.1432,-45.2371,-6.56,80,100,3.14,GL,1676832143
4,albany,42.6001,-73.9662,7.75,44,100,2.24,US,1676832136
5,natchitoches,31.7668,-93.1335,19.99,56,40,4.63,US,1676832145
6,busselton,-33.65,115.3333,18.09,66,5,5.53,AU,1676832145
7,victoria,22.2855,114.1577,21.03,77,100,1.79,HK,1676832139
8,hithadhoo,-0.6,73.0833,27.35,74,20,3.03,MV,1676832146
9,saint-philippe,-21.3585,55.7679,26.77,88,85,5.87,RE,1676832147
10,rikitea,-23.1203,-134.9692,26.48,75,90,8.2,PF,1676832148
11,galle,6.0367,80.217,24.5,88,100,0.64,LK,1676832148
12,tuktoyaktuk,69.4541,-133.0374,-34.0,68,75,3.09,CA,1676832149
13,bredasdorp,-34.5322,20.0403,19.33,74,18,7.75,ZA,1676832150
14,kuzino,57.0224,59.4412,-24.35,100,99,1.59,RU,1676832150
15,jiuquan,39.7432,98.5174,-3.68,43,100,1.97,CN,1676832151
16,punta arenas,-53.15,-70.9167,12.06,40,75,12.86,CL,1676832150
17,mvuma,-19.2792,30.5283,15.81,91,79,3.19,ZW,1676832152
18,kasongo-lunda,-6.4667,16.8167,22.18,91,100,0.74,CD,1676832152
19,bluff,-46.6,168.3333,12.58,88,30,3.01,NZ,1676832153
20,avera,33.194,-82.5271,18.73,62,13,2.4,US,1676832153
21,margate,51.3813,1.3862,9.83,71,92,0.89,GB,1676832154
22,kaitangata,-46.2817,169.8464,12.2,93,92,1.64,NZ,1676832155
23,khatanga,71.9667,102.5,-14.8,89,47,6.91,RU,1676832155
24,hasaki,35.7333,140.8333,10.16,47,18,1.7,JP,1676832156
25,ponca city,36.707,-97.0856,16.61,39,0,5.14,US,1676832157
26,atambua,-9.1061,124.8925,22.75,90,97,1.02,ID,1676832157
27,carnarvon,-24.8667,113.6333,23.64,83,0,8.74,AU,1676832158
28,svetlaya,46.5389,138.3297,-9.73,79,100,3.7,RU,1676832159
29,hobart,-42.8794,147.3294,17.37,68,100,3.09,AU,1676831873
30,jamestown,42.097,-79.2353,11.77,31,0,7.72,US,1676832160
31,allende,25.2833,-100.0167,23.44,27,1,2.82,MX,1676832160
32,barrow,71.2906,-156.7887,-21.99,77,100,0.0,US,1676832161
33,nenjiang,49.1833,125.2167,-19.71,100,98,1.4,CN,1676832161
34,gat,31.61,34.7642,15.22,80,0,3.31,IL,1676831884
35,hermanus,-34.4187,19.2345,18.78,82,1,8.02,ZA,1676832162
36,cherskiy,68.75,161.3,-31.14,95,100,1.33,RU,1676832162
37,tsuyama,35.05,134.0,4.83,90,100,1.18,JP,1676832163
38,san pedro,14.35,121.0167,24.64,92,20,1.03,PH,1676832163
39,port alfred,-33.5906,26.891,21.21,93,0,4.38,ZA,1676832164
40,sola,-13.8833,167.55,26.36,83,100,7.68,VU,1676832164
41,bonavista,48.6499,-53.1147,-2.6,66,100,7.58,CA,1676832165
42,inverell,-29.7833,151.1167,17.31,85,100,1.34,AU,1676832166
43,fortuna,40.5982,-124.1573,11.31,77,0,0.45,US,1676832167
44,zhuhai,22.2769,113.5678,20.88,77,40,1.54,CN,1676832168
45,new norfolk,-42.7826,147.0587,17.18,62,100,1.1,AU,1676832169
46,mahibadhoo,3.7833,72.9667,26.85,74,10,4.74,MV,1676832169
47,east london,-33.0153,27.9116,23.52,94,0,2.57,ZA,1676832170
48,kahului,20.8947,-156.47,24.36,85,20,4.02,US,1676832164
49,upernavik,72.7868,-56.1549,-14.53,90,100,8.83,GL,1676832171
50,thomaston,32.8882,-84.3266,16.97,54,0,3.09,US,1676831973
51,qaanaaq,77.484,-69.3632,-16.84,66,48,4.14,GL,1676832172
52,pevek,69.7008,170.3133,-29.5,91,100,0.27,RU,1676832172
53,udachnyy,66.4167,112.4,-23.43,99,100,2.28,RU,1676832173
54,moron,-34.6534,-58.6198,26.64,29,0,3.49,AR,1676832037
55,tasiilaq,65.6145,-37.6368,-9.76,91,100,1.29,GL,1676832174
56,calama,-22.4667,-68.9333,22.27,33,20,7.72,CL,1676832175
57,lompoc,34.6391,-120.4579,19.41,49,0,0.89,US,1676832175
58,mahebourg,-20.4081,57.7,27.16,89,75,4.12,MU,1676832176
59,mar del plata,-38.0023,-57.5575,25.53,33,0,8.75,AR,1676831878
60,kodiak,57.79,-152.4072,0.73,69,0,2.57,US,1676832177
61,karema,-6.8205,30.4389,22.75,83,45,0.13,TZ,1676832178
62,luderitz,-26.6481,15.1594,17.89,85,3,2.35,NA,1676831924
63,yellowknife,62.456,-114.3525,-32.71,68,75,2.06,CA,1676831946
64,san cristobal,7.7669,-72.225,25.1,30,7,0.88,VE,1676832180
65,yeppoon,-23.1333,150.7333,23.88,77,100,6.78,AU,1676832180
66,powell river,49.8496,-124.5361,8.0,87,75,1.03,CA,1676832181
67,cuamba,-14.8031,36.5372,22.04,94,27,1.1,MZ,1676832182
68,teguise,29.0605,-13.564,18.12,52,0,5.66,ES,1676832182
69,sergeyevka,53.88,67.4158,-10.91,96,90,2.59,KZ,1676832183
70,te anau,-45.4167,167.7167,15.07,92,85,1.65,NZ,1676832183
71,puerto ayora,-0.7393,-90.3518,30.98,86,28,4.02,EC,1676832184
72,sorland,67.667,12.6934,0.92,74,37,9.2,NO,1676832186
73,vaini,-21.2,-175.2,25.09,94,75,0.0,TO,1676832186
74,huarmey,-10.0681,-78.1522,26.02,72,100,4.88,PE,1676832187
75,okhotsk,59.3833,143.3,-27.46,84,2,3.83,RU,1676832188
76,dunedin,-45.8742,170.5036,16.56,80,36,1.79,NZ,1676832060
77,kaeo,-35.1,173.7833,13.51,96,96,2.02,NZ,1676832190
78,norman wells,65.282,-126.8329,-23.98,77,100,1.54,CA,1676832191
79,ushuaia,-54.8,-68.3,8.81,57,75,9.77,AR,1676832192
80,padang,-0.9492,100.3543,24.73,86,100,1.72,ID,1676832192
81,metro,-5.1131,105.3067,23.28,93,100,2.16,ID,1676832193
82,mersing,2.4312,103.8405,25.95,83,20,4.12,MY,1676832193
83,mount isa,-20.7333,139.5,20.87,100,75,2.06,AU,1676832194
84,aguadilla,18.4275,-67.1541,27.62,66,100,8.05,PR,1676832195
85,manokwari,-0.8667,134.0833,24.81,85,100,3.68,ID,1676832195
86,baghdad,33.3406,44.4009,9.95,50,0,2.57,IQ,1676832196
87,talnakh,69.4865,88.3972,-17.32,96,96,2.93,RU,1676832196
88,youkounkoun,12.5333,-13.1333,34.14,15,71,1.66,GN,1676832197
89,tiksi,71.6872,128.8694,-31.76,98,51,3.79,RU,1676832197
90,provideniya,64.3833,-173.3,-21.46,99,100,6.48,RU,1676832198
91,castro,-24.7911,-50.0119,17.63,81,100,2.65,BR,1676832198
92,cockburn town,21.4612,-71.1419,26.98,54,40,7.72,TC,1676832199
93,butaritari,3.0707,172.7902,26.75,77,97,3.0,KI,1676832200
94,apatou,5.155,-54.3472,25.32,83,100,2.06,GF,1676832201
95,iqaluit,63.7506,-68.5145,-34.15,62,40,0.0,CA,1676832201
96,gushikawa,26.3544,127.8686,17.57,67,75,5.14,JP,1676832202
97,avarua,-21.2078,-159.775,27.03,89,20,3.6,CK,1676832203
98,zemio,5.0314,25.1361,25.8,25,100,1.75,CF,1676832204
99,san quintin,30.4833,-115.95,16.09,54,99,4.61,MX,1676832204
100,dikson,73.5069,80.5464,-5.84,96,100,4.74,RU,1676832205
101,sayyan,15.1718,44.3244,10.75,33,0,1.91,YE,1676832205
102,trinidad,-14.8333,-64.9,23.99,57,75,3.09,BO,1676832205
103,mehamn,71.0357,27.8492,-1.03,100,100,2.06,NO,1676832206
104,boende,-0.2167,20.8667,27.2,32,100,0.98,CD,1676832207
105,knysna,-34.0363,23.0471,19.68,82,0,2.1,ZA,1676832207
106,shieli,44.1667,66.75,2.17,65,100,3.62,KZ,1676832208
107,yarmouth,41.7057,-70.2286,8.31,72,0,4.12,US,1676832208
108,guerrero negro,27.9769,-114.0611,17.51,57,100,3.34,MX,1676832209
109,moose factory,51.2585,-80.6094,-1.0,80,100,6.17,CA,1676832210
110,amapa,1.0,-52.0,25.13,95,99,1.44,BR,1676832210
111,longyearbyen,78.2186,15.6401,-12.09,67,75,4.12,SJ,1676832100
112,monforte de lemos,42.5216,-7.5142,11.45,80,11,0.25,ES,1676832211
113,puerto escondido,15.85,-97.0667,31.36,41,18,4.64,MX,1676832211
114,lucapa,-8.4192,20.7447,19.38,92,100,1.14,AO,1676832212
115,kibaya,-5.3,36.5667,17.84,77,100,2.88,TZ,1676832212
116,ballina,-28.8667,153.5667,20.56,97,100,2.83,AU,1676832213
117,constitucion,-35.3333,-72.4167,20.75,52,10,5.22,CL,1676832056
118,ewa beach,21.3156,-158.0072,25.01,84,0,2.06,US,1676832213
119,port-gentil,-0.7193,8.7815,28.98,84,20,3.09,GA,1676832214
120,batticaloa,7.7102,81.6924,25.19,85,28,3.64,LK,1676832214
121,mbandaka,0.0487,18.2603,27.82,34,100,1.37,CD,1676832215
122,giyani,-23.3025,30.7187,23.22,91,94,0.82,ZA,1676832215
123,ambilobe,-13.2,49.05,23.93,92,88,1.36,MG,1676832216
124,ancud,-41.8697,-73.8203,15.6,58,20,2.91,CL,1676832039
125,port lincoln,-34.7333,135.8667,19.42,83,0,5.73,AU,1676832216
126,eirunepe,-6.6603,-69.8736,22.81,97,100,1.3,BR,1676832217
127,codrington,-38.2667,141.9667,12.55,91,0,1.18,AU,1676832217
128,roquetas de mar,36.7642,-2.6148,17.56,44,27,6.7,ES,1676832218
129,bonanza,14.0289,-84.591,28.64,53,33,2.81,NI,1676832218
130,ilo,-17.6394,-71.3375,25.94,72,12,4.6,PE,1676832219
131,severo-kurilsk,50.6789,156.125,-8.95,81,82,7.86,RU,1676831938
132,antalaha,-14.9003,50.2788,23.6,85,4,3.09,MG,1676832219
133,nikolskoye,59.7035,30.7861,-5.05,93,100,3.12,RU,1676832219
134,mujiayingzi,42.1167,118.7833,-10.81,45,0,6.54,CN,1676832220
135,sulangan,11.1373,123.7228,26.32,81,100,1.69,PH,1676832221
136,baykit,61.67,96.37,-19.27,100,100,0.65,RU,1676832221
137,saint george,37.1041,-113.5841,11.91,34,0,1.54,US,1676832014
138,venice,27.0998,-82.4543,28.88,74,20,3.09,US,1676832222
139,camacha,33.0833,-16.3333,15.68,82,75,5.14,PT,1676832222
140,lagoa,39.05,-27.9833,13.62,74,14,1.58,PT,1676832222
141,nhulunbuy,-12.2333,136.7667,26.34,89,75,1.54,AU,1676832223
142,port elizabeth,-33.918,25.5701,23.94,88,0,1.54,ZA,1676832224
143,maniitsoq,65.4167,-52.9,-11.56,88,100,4.28,GL,1676832224
144,ponta do sol,32.6667,-17.1,18.89,60,25,1.16,PT,1676832225
145,bochum,51.4833,7.2167,8.57,85,100,1.79,DE,1676832123
146,smoky lake,54.1169,-112.4686,-9.91,92,100,2.57,CA,1676832018
147,laerdalsoyri,61.098,7.4816,0.18,86,100,3.6,NO,1676832226
148,coquimbo,-29.9533,-71.3436,22.85,64,0,6.69,CL,1676832197
149,whitehorse,60.7161,-135.0538,-5.5,86,75,3.09,CA,1676832227
150,shingu,33.7333,135.9833,6.43,78,22,2.61,JP,1676832227
151,san jeronimo,-11.9472,-75.2829,13.28,71,100,1.71,PE,1676832228
152,beloha,-25.1667,45.05,25.77,78,1,1.73,MG,1676832228
153,lavrentiya,65.5833,-171.0,-26.38,96,99,1.97,RU,1676832229
154,kurud,20.8322,81.7214,22.99,34,0,2.58,IN,1676832229
155,san patricio,28.017,-97.5169,25.09,51,32,4.44,US,1676832230
156,saint-augustin,51.226,-58.6502,-6.1,73,99,4.89,CA,1676832230
157,bengkulu,-3.8004,102.2655,23.75,90,95,1.57,ID,1676832231
158,cidreira,-30.1811,-50.2056,23.14,49,5,6.04,BR,1676832231
159,conceicao do araguaia,-8.2578,-49.2647,26.95,74,100,2.28,BR,1676832232
160,namibe,-15.1961,12.1522,21.38,69,100,5.06,AO,1676832232
161,saskylakh,71.9167,114.0833,-18.86,96,25,3.82,RU,1676832233
162,susuman,62.7833,148.1667,-38.96,100,98,0.32,RU,1676832233
163,hilo,19.7297,-155.09,21.25,97,100,1.54,US,1676832128
164,atuona,-9.8,-139.0333,25.91,80,78,5.53,PF,1676832234
165,ouesso,1.6136,16.0517,27.39,27,100,1.32,CG,1676832234
166,narsaq,60.9167,-46.05,-5.88,85,88,0.66,GL,1676832234
167,kiruna,67.8557,20.2251,-7.49,93,100,0.51,SE,1676832235
168,chuy,-33.6971,-53.4616,22.27,34,85,5.3,UY,1676832235
169,rock sound,24.9,-76.2,24.35,69,48,5.73,BS,1676832236
170,basavana bagevadi,16.5833,75.9667,24.72,32,0,2.74,IN,1676832236
171,batagay,67.6333,134.6333,-42.48,100,48,1.41,RU,1676832237
172,eidfjord,60.4675,7.0719,0.1,95,100,2.01,NO,1676832237
173,sitio novo do tocantins,-5.5183,-47.4611,30.96,70,75,5.14,BR,1676832238
174,cabo san lucas,22.8909,-109.9124,24.78,53,0,8.75,MX,1676832238
175,west plains,36.7281,-91.8524,15.37,49,0,4.12,US,1676832239
176,aksu,41.1231,80.2644,1.13,52,100,0.68,CN,1676832239
177,batemans bay,-35.7167,150.1833,19.5,94,5,1.58,AU,1676832240
178,roald,62.5833,6.1333,2.96,69,40,7.72,NO,1676832240
179,luanda,-8.8368,13.2343,28.0,69,40,3.6,AO,1676832240
180,brae,60.3964,-1.353,9.24,93,100,15.69,GB,1676832241
181,marsa matruh,31.3525,27.2453,16.11,63,40,3.6,EG,1676832241
182,marsabit,2.3284,37.9899,22.14,25,46,3.7,KE,1676832242
183,bodden town,19.2833,-81.25,29.0,70,20,7.72,KY,1676832243
184,palmer,42.1584,-72.3287,8.25,42,75,4.63,US,1676832243
185,sampit,-2.5333,112.95,23.67,96,100,1.47,ID,1676832244
186,kodinsk,58.6881,99.1844,-18.6,100,100,1.56,RU,1676832245
187,nelson bay,-32.7167,152.15,22.78,91,17,2.68,AU,1676832246
188,thompson,55.7435,-97.8558,-29.91,63,0,4.12,CA,1676832247
189,sitka,57.0531,-135.33,3.94,87,100,2.57,US,1676832248
190,puerto madryn,-42.7692,-65.0385,24.67,26,98,7.53,AR,1676832248
191,vaitape,-16.5167,-151.75,27.27,73,1,2.66,PF,1676832249
192,gizo,-8.103,156.8419,27.35,70,98,0.5,SB,1676832249
193,taoudenni,22.6783,-3.9836,28.79,9,100,4.21,ML,1676832250
194,lorengau,-2.0226,147.2712,26.84,76,100,0.81,PG,1676832251
195,mitsamiouli,-11.3847,43.2844,27.51,76,48,1.89,KM,1676832252
196,morro bay,35.3658,-120.8499,19.58,43,0,1.66,US,1676832252
197,leningradskiy,69.3833,178.4167,-33.53,96,100,2.92,RU,1676832253
198,la paz,-16.5,-68.15,16.99,31,40,4.12,BO,1676832253
199,kavieng,-2.5744,150.7967,27.68,76,30,2.64,PG,1676832254
200,villa bruzual,9.3328,-69.1208,35.64,19,0,2.29,VE,1676832255
201,aklavik,68.2191,-135.0107,-24.0,77,75,2.57,CA,1676832256
202,vao,-22.6667,167.4833,24.43,70,1,8.95,NC,1676832256
203,barpathar,26.3,93.8667,21.52,48,98,0.92,IN,1676832257
204,katsuura,35.1333,140.3,11.64,61,100,2.29,JP,1676832258
205,maua,-23.6678,-46.4614,20.16,92,100,4.38,BR,1676831718
206,georgetown,5.4112,100.3354,26.96,94,20,0.0,MY,1676832171
207,neringa,55.3719,21.0647,2.51,61,0,10.53,LT,1676832259
208,namatanai,-3.6667,152.4333,26.26,83,97,2.6,PG,1676832230
209,dalby,-27.1833,151.2667,18.88,86,100,4.06,AU,1676832260
210,dingle,10.9995,122.6711,23.27,93,90,1.18,PH,1676832261
211,yurino,56.2942,46.3039,-16.0,97,86,3.4,RU,1676832261
212,grimshaw,56.1834,-117.6027,-11.21,73,100,2.06,CA,1676832262
213,saldanha,-33.0117,17.9442,17.93,87,11,4.51,ZA,1676832262
214,taksimo,56.3444,114.8794,-24.47,87,90,1.68,RU,1676832263
215,axim,4.8699,-2.2405,26.58,75,5,3.73,GH,1676832264
216,chokurdakh,70.6333,147.9167,-46.05,100,72,0.29,RU,1676832264
217,sambava,-14.2667,50.1667,25.56,82,30,4.55,MG,1676832265
218,cape town,-33.9258,18.4232,19.93,75,40,5.14,ZA,1676832228
219,conner,17.7964,121.3275,22.23,99,100,3.25,PH,1676832266
220,edson,53.5835,-116.4356,0.08,86,100,4.12,CA,1676832267
221,bethel,41.3712,-73.414,8.27,55,75,4.63,US,1676832034
222,torbay,47.6666,-52.7314,-2.63,89,100,8.28,CA,1676832200
223,tautira,-17.7333,-149.15,27.0,76,35,3.29,PF,1676832268
224,eureka,40.8021,-124.1637,11.22,76,69,1.34,US,1676831983
225,olinda,-8.0089,-34.8553,29.85,70,40,5.14,BR,1676832094
226,cam ranh,11.9214,109.1591,24.98,65,20,5.14,VN,1676832270
227,kedrovyy,56.1667,91.8167,-7.77,97,100,1.05,RU,1676832270
228,touros,-5.1989,-35.4608,28.74,66,100,6.51,BR,1676832213
229,artyom,40.4723,50.333,6.08,75,100,3.38,AZ,1676832271
230,qasigiannguit,68.8193,-51.1922,-16.86,96,100,2.7,GL,1676832272
231,nabire,-3.3667,135.4833,23.45,91,100,1.44,ID,1676832272
232,airai,-8.9266,125.4092,15.63,95,94,1.1,TL,1676832273
233,kloulklubed,7.0419,134.2556,27.89,76,65,6.83,PW,1676832273
234,biak,-0.9131,122.8766,24.11,88,100,0.43,ID,1676832274
235,souillac,-20.5167,57.5167,27.21,89,75,4.12,MU,1676832274
236,boa vista,2.8197,-60.6733,30.99,48,75,6.17,BR,1676832020
237,mollendo,-17.0231,-72.0147,25.99,73,100,4.55,PE,1676832275
238,ankazoabo,-22.2833,44.5167,24.58,79,0,3.59,MG,1676832276
239,matlock,53.1384,-1.5556,10.34,81,100,6.96,GB,1676832277
240,bambous virieux,-20.3428,57.7575,27.14,89,75,4.12,MU,1676832277
241,petropavlovsk-kamchatskiy,53.0452,158.6483,-14.67,72,40,2.0,RU,1676832221
242,tamale,9.4008,-0.8393,31.67,11,100,2.37,GH,1676832278
243,pafos,34.7667,32.4167,10.88,71,20,3.09,CY,1676832279
244,muros,42.7762,-9.0603,18.16,63,9,1.72,ES,1676832279
245,bugulma,54.55,52.8,-19.05,100,96,2.7,RU,1676832280
246,alghero,40.5589,8.3181,10.05,100,0,2.57,IT,1676832281
247,minggang,32.4586,114.0486,5.89,44,71,0.54,CN,1676832281
248,hervey bay,-25.2986,152.8535,24.26,74,100,5.59,AU,1676832282
249,cabedelo,-6.9811,-34.8339,31.37,66,85,5.35,BR,1676832283
250,svetlogorsk,52.6333,29.7333,-0.29,63,8,6.27,BY,1676832283
251,arteaga,18.4667,-102.4167,29.55,22,4,1.67,MX,1676832284
252,xichang,27.8964,102.2634,8.35,81,71,1.57,CN,1676832284
253,ayan,56.45,138.1667,-20.08,81,67,4.09,RU,1676832285
254,la asuncion,11.0333,-63.8628,21.85,100,0,7.72,VE,1676832285
255,meadow lake,34.8014,-106.5436,9.27,53,100,3.93,US,1676832286
256,anadyr,64.75,177.4833,-21.67,69,20,2.0,RU,1676832286
257,corinto,37.9407,22.9573,13.83,77,0,4.5,GR,1676832287
258,adrar,20.5022,-10.0711,27.54,11,54,3.3,MR,1676832288
259,talaya,61.3833,152.75,-38.18,100,100,0.41,RU,1676832288
260,ribeira grande,38.5167,-28.7,15.22,72,75,4.12,PT,1676832289
261,aras,42.5617,-2.356,9.23,54,0,0.51,ES,1676832290
262,tshane,-24.0196,21.8684,28.4,36,73,4.92,BW,1676832290
263,ilulissat,69.2167,-51.1,-16.99,78,100,8.23,GL,1676832291
264,pangai,-19.8,-174.35,25.06,94,20,0.0,TO,1676832291
265,charyshskoye,51.3978,83.5598,-14.17,95,39,2.18,RU,1676832292
266,faanui,-16.4833,-151.75,27.3,73,1,2.64,PF,1676832293
267,kabompo,-13.5927,24.2008,18.48,96,100,1.99,ZM,1676832293
268,tiarei,-17.5333,-149.3333,29.01,74,62,3.4,PF,1676832294
269,atar,20.5169,-13.0499,30.03,20,100,2.06,MR,1676832295
270,fairbanks,64.8378,-147.7164,-15.81,83,100,1.54,US,1676832086
271,orlik,52.5178,99.825,-21.34,95,100,1.13,RU,1676832296
272,urusha,54.05,122.9,-27.39,91,8,2.05,RU,1676832296
273,deputatskiy,69.3,139.9,-40.18,99,43,2.4,RU,1676832297
274,leh,34.1667,77.5833,-5.84,93,100,1.48,IN,1676832297
275,tahta,26.7693,31.5021,16.33,36,0,3.85,EG,1676832298
276,sturgis,41.7992,-85.4192,11.15,50,0,8.23,US,1676832298
277,flin flon,54.7682,-101.865,-25.09,70,20,2.06,CA,1676832299
278,porto nacional,-10.7081,-48.4172,26.0,69,100,1.98,BR,1676832299
279,hofn,64.2539,-15.2082,3.01,93,100,4.12,IS,1676832300
280,verkhnechusovskiye gorodki,58.1671,57.1086,-19.18,99,93,1.98,RU,1676832300
281,honningsvag,70.9821,25.9704,-0.14,93,75,11.32,NO,1676832301
282,saint-georges,12.0564,-61.7485,28.82,61,20,9.77,GD,1676832068
283,arraial do cabo,-22.9661,-42.0278,30.98,74,0,8.75,BR,1676832125
284,bathsheba,13.2167,-59.5167,28.34,54,40,10.8,BB,1676832302
285,barrhead,55.7992,-4.3929,11.01,81,100,10.8,GB,1676832303
286,colombo,6.9319,79.8478,23.97,88,100,2.56,LK,1676832265
287,benghazi,32.1167,20.0667,14.76,61,1,2.97,LY,1676832304
288,hunterville,-39.9333,175.5667,14.83,79,38,1.79,NZ,1676832305
289,andenes,69.3143,16.1194,0.99,86,75,13.89,NO,1676832305
290,omsukchan,62.5333,155.8,-37.89,99,100,1.86,RU,1676832307
291,acajutla,13.5928,-89.8275,31.83,45,10,3.56,SV,1676832307
292,merauke,-8.4667,140.3333,26.11,82,100,1.48,ID,1676832308
293,kavaratti,10.5669,72.642,26.58,72,9,2.7,IN,1676832308
294,mandla,22.6,80.3833,19.71,28,1,1.3,IN,1676832309
295,ondjiva,-17.0667,15.7333,25.08,15,98,5.46,AO,1676832309
296,zhuanghe,39.7008,122.9911,-3.18,32,4,4.44,CN,1676832310
297,victor harbor,-35.5667,138.6167,18.16,84,0,2.54,AU,1676832310
298,menomonie,44.8755,-91.9193,0.46,100,100,2.57,US,1676832226
299,ordu,40.9086,37.6845,5.28,75,98,2.82,TR,1676832311
300,san isidro,-12.1167,-77.05,24.77,73,40,4.63,PE,1676832312
301,waingapu,-9.6567,120.2641,25.45,87,52,2.23,ID,1676832312
302,carauari,-4.8828,-66.8958,26.34,85,93,2.36,BR,1676832218
303,plettenberg bay,-34.0527,23.3716,19.33,81,1,2.37,ZA,1676832314
304,manacor,39.5696,3.2096,12.96,75,95,0.28,ES,1676832315
305,santa maria del oro,25.9333,-105.3667,24.58,19,55,3.99,MX,1676832316
306,tarbagatay,51.4803,107.3602,-23.07,97,12,1.06,RU,1676832316
307,hovd,48.0056,91.6419,-16.08,85,100,0.62,MN,1676832317
308,tarko-sale,64.9225,77.785,-22.51,99,93,1.93,RU,1676832318
309,vostok,46.4856,135.8833,-20.09,100,100,0.94,RU,1676832319
310,lindsay,36.203,-119.0882,14.87,52,0,0.0,US,1676832095
311,khuchni,41.9499,47.9485,1.87,69,10,2.49,RU,1676832319
312,porkhov,57.765,29.5561,-2.84,94,100,3.39,RU,1676832320
313,bilibino,68.0546,166.4372,-28.06,98,100,0.81,RU,1676832320
314,bubaque,11.2833,-15.8333,23.62,73,8,5.89,GW,1676832321
315,yashkino,55.8736,85.4265,-15.87,98,99,2.0,RU,1676832322
316,raudeberg,61.9875,5.1352,1.59,66,100,8.73,NO,1676832322
317,yima,34.7381,111.8839,3.0,37,0,2.78,CN,1676832323
318,emerald,-23.5333,148.1667,22.41,76,100,4.0,AU,1676832323
319,wilmington island,32.0036,-80.9737,21.05,77,20,2.57,US,1676832324
320,businga,3.3333,20.8833,27.9,26,100,1.21,CD,1676832325
321,laichingen,48.4894,9.6861,6.61,94,100,5.08,DE,1676832325
322,suda,59.1525,37.5582,-7.94,93,100,5.55,RU,1676832326
323,naryan-mar,67.6713,53.087,-13.78,93,100,3.88,RU,1676832326
324,thinadhoo,0.5333,72.9333,27.41,74,16,3.08,MV,1676832327
325,ust-nera,64.5667,143.2,-40.49,97,71,1.06,RU,1676832327
326,sao joao da barra,-21.6403,-41.0511,30.05,82,100,4.8,BR,1676832328
327,paita,-5.0892,-81.1144,28.34,64,66,6.87,PE,1676832328
328,ghiror,27.1833,78.8,18.83,46,6,1.07,IN,1676832329
329,lata,40.1629,-8.3327,15.04,75,98,1.7,PT,1676832329
330,el limon,10.3059,-67.6321,33.62,46,0,2.44,VE,1676832330
331,eskhar,49.7987,36.5883,-0.25,88,100,3.32,UA,1676832330
332,havelock,34.8791,-76.9013,15.99,69,100,3.6,US,1676832240
333,san juan,-31.5375,-68.5364,30.18,14,0,4.12,AR,1676832332
334,kargil,34.5667,76.1,-5.56,94,98,1.97,IN,1676832155
335,gamba,-2.65,10.0,26.18,85,85,2.39,GA,1676832333
336,mount abu,24.6,72.7,16.54,18,5,0.96,IN,1676832333
337,lebowakgomo,-24.2,29.5,17.25,75,37,1.95,ZA,1676832334
338,cortes,41.9395,-1.4396,14.6,56,100,2.58,ES,1676832334
339,acari,-15.4311,-74.6158,29.34,60,96,5.19,PE,1676832335
340,ous,60.9058,61.5186,-23.09,100,100,0.85,RU,1676832335
341,nagato,34.3833,131.2,6.59,63,5,7.27,JP,1676832336
342,ulaangom,49.9811,92.0667,-24.26,97,100,1.09,MN,1676832336
343,pombia,45.653,8.6336,12.92,75,0,1.03,IT,1676832337
344,jatiroto,-7.8833,111.1167,22.69,93,100,0.8,ID,1676832338
345,kozluk,38.1938,41.4885,4.14,65,74,2.21,TR,1676832338
346,kenai,60.5544,-151.2583,-4.95,93,100,2.06,US,1676832339
347,troitskoye,52.9821,84.6757,-12.11,99,95,1.14,RU,1676832339
348,komsomolskiy,40.4272,71.7189,3.4,87,6,2.06,UZ,1676832340
349,maragogi,-9.0122,-35.2225,28.35,67,13,4.53,BR,1676832341
350,joao pinheiro,-17.7425,-46.1725,24.77,68,100,2.54,BR,1676832342
351,mahajanga,-15.7167,46.3167,28.01,83,20,2.06,MG,1676832342
352,great falls,47.5002,-111.3008,5.09,43,100,11.83,US,1676832343
353,clyde river,70.4692,-68.5914,-25.87,64,0,3.09,CA,1676832161
354,auki,-8.7676,160.7034,25.33,85,99,1.02,SB,1676832343
355,belmonte,-15.8631,-38.8828,28.06,66,80,3.79,BR,1676832344
356,alice springs,-23.7,133.8833,22.75,64,0,2.57,AU,1676832344
357,arlit,18.7369,7.3853,22.79,10,0,4.79,NE,1676832345
358,faya,18.3851,42.4509,16.06,61,42,0.64,SA,1676832346
359,mul,20.0667,79.6667,23.94,27,0,1.73,IN,1676832346
360,brenham,30.1669,-96.3977,20.88,63,40,3.09,US,1676832154
361,tomatlan,19.9333,-105.25,33.79,27,0,4.57,MX,1676832347
362,havre-saint-pierre,50.2334,-63.5986,-7.0,49,0,5.14,CA,1676832250
363,kroya,-7.6331,109.2461,24.86,89,88,2.56,ID,1676832347
364,mount gambier,-37.8333,140.7667,12.24,95,1,0.53,AU,1676832348
365,ahipara,-35.1667,173.1667,16.23,88,93,1.93,NZ,1676832348
366,lima,-12.0432,-77.0282,24.14,73,40,4.63,PE,1676831677
367,kharan,28.5833,65.4167,20.43,27,90,1.14,PK,1676832349
368,carbondale,37.7273,-89.2168,13.92,50,0,8.23,US,1676832349
369,ntoum,0.3833,9.7833,26.1,83,60,2.28,GA,1676832350
370,broome,42.2506,-75.833,8.83,43,20,7.6,US,1676832350
371,mandalgovi,45.7625,106.2708,-10.14,60,0,0.5,MN,1676832351
372,luancheng,37.8792,114.6517,-0.91,36,0,2.8,CN,1676832351
373,hella,67.2,14.4333,1.08,89,75,1.03,NO,1676832352
374,falmouth,50.1544,-5.0711,10.92,85,100,3.6,GB,1676832353
375,pisco,-13.7,-76.2167,26.03,73,0,10.8,PE,1676832353
376,ponta delgada,37.7333,-25.6667,15.4,77,20,4.12,PT,1676832354
377,lasa,46.6166,10.7002,11.49,89,25,3.39,IT,1676832354
378,mangrol,21.1167,70.1167,23.85,57,6,3.7,IN,1676832355
379,lobito,-12.3481,13.5456,23.56,79,11,2.49,AO,1676832156
380,north bend,43.4065,-124.2243,10.09,93,0,0.0,US,1676832356
381,okha,53.5739,142.9478,-28.57,100,95,2.33,RU,1676832356
382,mildura,-34.2,142.15,17.82,51,0,3.99,AU,1676832357
383,izhevskoye,54.5567,40.8703,-5.76,95,100,4.69,RU,1676832357
384,serrinha,-11.6642,-39.0075,35.46,20,13,3.53,BR,1676832358
385,bijie,27.3125,105.2942,6.17,85,100,2.07,CN,1676832358
386,sur,22.5667,59.5289,22.23,70,5,2.09,OM,1676832360
387,joshimath,30.5667,79.5667,9.19,46,29,3.27,IN,1676832360
388,jacareacanga,-6.2222,-57.7528,29.78,65,65,1.38,BR,1676832361
389,pemberton,50.3164,-122.8027,4.83,85,100,1.98,CA,1676832187
390,le vauclin,14.5452,-60.8388,28.03,54,75,7.72,MQ,1676832361
391,synya,65.3718,58.0387,-22.14,100,86,1.56,RU,1676832362
392,tomelloso,39.1522,-3.0243,13.07,43,100,7.6,ES,1676832362
393,san miguel,13.4833,-88.1833,35.78,23,0,3.09,SV,1676832363
394,bereda,43.2686,-7.5406,10.79,100,13,1.9,ES,1676832364
395,arua,3.0201,30.9111,24.51,28,95,1.28,UG,1676832364
396,balabac,7.9868,117.0645,26.06,81,100,5.98,PH,1676832365
397,awka,6.2101,7.0741,29.62,17,6,2.25,NG,1676832366
398,angoche,-16.2325,39.9086,26.64,88,53,4.13,MZ,1676832367
399,toba,34.4833,136.85,9.0,70,62,11.08,JP,1676832367
400,kruisfontein,-34.0033,24.7314,22.71,80,0,1.44,ZA,1676832368
401,ozernovskiy,51.5,156.5167,-16.86,80,21,3.32,RU,1676832368
402,meulaboh,4.1363,96.1285,24.55,90,97,1.59,ID,1676832369
403,barranca,-10.75,-77.7667,24.53,73,100,4.12,PE,1676832370
404,muzhi,65.3667,64.6667,-20.34,91,81,1.91,RU,1676832370
405,mpulungu,-8.7623,31.1141,22.8,81,76,1.04,ZM,1676832371
406,port macquarie,-31.4333,152.9167,18.83,89,100,3.15,AU,1676832371
407,magalia,39.8121,-121.5783,11.35,37,76,0.52,US,1676832372
408,atbasar,51.8,68.3333,-7.27,95,100,5.87,KZ,1676832198
409,pryluky,50.5932,32.3876,0.78,81,100,5.51,UA,1676832373
410,falam,22.9167,93.6833,10.63,59,0,1.75,MM,1676832374
411,alta floresta,-9.8756,-56.0861,26.1,88,94,1.37,BR,1676832374
412,mayo,38.8876,-76.5119,15.64,51,0,8.23,US,1676832375
413,banda aceh,5.5577,95.3222,25.11,81,90,3.86,ID,1676832375
414,pontian kecil,1.4801,103.3899,24.18,91,18,2.64,MY,1676832376
415,birao,10.2849,22.7882,25.33,14,100,2.97,CF,1676832377
416,maumere,-8.6199,122.2111,25.96,81,93,1.03,ID,1676832377
417,el viejo,12.6633,-87.1672,34.12,36,20,4.12,NI,1676832378
418,dergachi,51.2328,48.7659,-15.03,99,77,2.36,RU,1676832378
419,suntar,62.1444,117.6319,-19.6,96,100,2.73,RU,1676832379
420,la ronge,55.1001,-105.2842,-28.86,52,40,2.06,CA,1676832357
421,naze,28.3667,129.4833,13.51,67,100,7.71,JP,1676832379
422,muroto,33.2833,134.15,11.33,60,75,6.05,JP,1676832380
423,viedma,-40.8135,-62.9967,24.54,24,8,6.53,AR,1676832381
424,westport,41.1415,-73.3579,9.04,68,100,3.13,US,1676832359
425,salinopolis,-0.6136,-47.3561,24.32,90,100,3.26,BR,1676832382
426,winnemucca,40.973,-117.7357,5.89,34,100,2.05,US,1676832382
427,sibut,5.718,19.0739,28.95,19,89,0.39,CF,1676832383
428,setermoen,68.861,18.3486,-2.54,97,100,1.06,NO,1676832383
429,tura,25.5198,90.2201,19.05,45,1,1.37,IN,1676832384
430,alma,48.5501,-71.6491,-1.44,68,100,3.89,CA,1676832385
431,seoul,37.5683,126.9778,-0.31,74,0,2.06,KR,1676832000
432,borogontsy,62.6683,131.1683,-31.77,100,100,1.06,RU,1676832386
433,mopti,14.6667,-4.0,32.02,15,100,2.06,ML,1676832386
434,codo,-4.4553,-43.8856,26.82,85,78,0.39,BR,1676832387
435,husavik,66.0449,-17.3389,0.78,98,100,9.46,IS,1676832387
436,sabang,5.8933,95.3214,27.54,75,59,6.11,ID,1676832388
437,nieuw amsterdam,5.8833,-55.0833,29.45,67,40,4.12,SR,1676832388
438,batagay-alyta,67.8006,130.4114,-37.78,92,8,2.26,RU,1676832389
439,jakar,27.5492,90.7525,7.1,97,100,1.23,BT,1676832390
440,sao jose da coroa grande,-8.8978,-35.1478,28.54,65,15,4.44,BR,1676832390
441,luorong,24.4058,109.6086,13.31,50,1,3.89,CN,1676832391
442,isla aguada,18.7833,-91.4667,24.02,72,0,3.12,MX,1676832391
443,boddam,57.4667,-1.7833,12.21,67,100,10.43,GB,1676832392
444,de-kastri,51.4667,140.7833,-17.69,99,96,1.22,RU,1676832392
445,konosha,60.9736,40.257,-12.12,93,100,3.83,RU,1676832393
446,atherton,53.5237,-2.4935,9.6,79,100,1.34,GB,1676832393
447,caravelas,-17.7125,-39.2481,28.41,62,31,4.29,BR,1676832394
448,korla,41.7597,86.1469,0.21,75,100,2.22,CN,1676832394
449,dharchula,29.85,80.5333,14.46,45,39,2.95,IN,1676832395
450,las lomas,8.4333,-82.4,32.67,35,0,11.32,PA,1676832396
451,tsiroanomandidy,-18.7667,46.0333,22.07,88,90,0.93,MG,1676832396
452,hackettstown,40.854,-74.8291,11.97,51,100,4.63,US,1676832397
453,portland,45.5234,-122.6762,8.68,82,100,3.58,US,1676831619
454,bambanglipuro,-7.95,110.2833,24.63,87,100,3.12,ID,1676832398
455,abriaqui,6.6315,-76.0644,21.34,56,56,1.38,CO,1676832398
456,novikovo,51.1537,37.8879,-1.39,93,100,4.71,RU,1676832399
457,halifax,44.6453,-63.5724,4.14,66,100,2.06,CA,1676832115
458,porto franco,-6.3383,-47.3992,26.93,75,100,2.95,BR,1676832400
459,kerema,-7.9631,145.7785,25.69,88,100,1.61,PG,1676832401
460,sholokhovskiy,48.2807,41.0459,-0.27,94,100,3.87,RU,1676832401
461,guaratinga,-16.5667,-39.5667,29.14,54,99,3.07,BR,1676832136
462,kortkeros,61.8106,51.5806,-16.0,100,61,1.7,RU,1676832402
463,palafrugell,41.9174,3.1631,14.14,46,100,2.3,ES,1676832344
464,taber,49.8167,-112.1518,6.47,38,100,10.8,CA,1676832403
465,nikki,9.9401,3.2108,28.44,16,5,1.98,BJ,1676832403
466,erzin,36.9559,36.2,9.3,83,1,1.35,TR,1676832404
467,tuni,17.35,82.55,22.08,82,0,0.7,IN,1676832404
468,cerrito,6.8432,-72.694,17.74,60,77,0.83,CO,1676832405
469,esperance,-33.8667,121.9,19.33,90,46,5.88,AU,1676832405
470,ambon,-3.6954,128.1814,24.08,94,40,1.54,ID,1676832406
471,vanavara,60.34,102.2797,-15.6,97,100,2.21,RU,1676832406
472,mawlaik,23.6333,94.4167,18.0,48,1,0.62,MM,1676832407
473,noumea,-22.2763,166.4572,26.11,99,40,5.06,NC,1676832407
474,puerto colombia,10.9878,-74.9547,29.05,66,0,10.93,CO,1676832408
475,vikhorevka,56.1201,101.1636,-10.23,100,100,0.89,RU,1676832408
476,maningrida,-12.0667,134.2667,26.63,84,100,2.85,AU,1676832410
477,rusera,25.75,86.0333,19.56,53,0,1.33,IN,1676832410
478,joensuu,62.6012,29.7632,-6.73,86,20,2.06,FI,1676832411
479,compostela,7.6731,126.0889,23.23,97,100,0.8,PH,1676832411
480,lebu,-37.6167,-73.65,17.54,75,1,8.57,CL,1676832412
481,sioux lookout,50.1001,-91.917,-14.96,66,75,4.12,CA,1676832413
482,mayumba,-3.432,10.6554,26.14,87,84,2.8,GA,1676832413
483,hambantota,6.1241,81.1185,23.19,100,40,1.03,LK,1676832413
484,zvishavane,-20.3267,30.0665,20.05,67,84,4.06,ZW,1676832414
485,coihaique,-45.5752,-72.0662,17.34,39,40,2.06,CL,1676832414
486,sao paulo de olivenca,-3.3783,-68.8725,22.77,99,100,1.73,BR,1676832415
487,vazante,-17.9869,-46.9078,26.19,68,98,2.55,BR,1676832415
488,liuzhou,24.3126,109.3892,14.06,51,0,3.94,CN,1676832416
489,nishihara,26.1842,127.7558,17.6,63,75,9.26,JP,1676832416
490,vesoul,47.5833,5.8333,8.45,74,87,1.03,FR,1676832417
491,boguchar,49.9358,40.545,-1.56,92,100,3.75,RU,1676832417
492,port augusta,-32.5,137.7667,22.37,38,0,3.44,AU,1676832417
493,soure,-0.7167,-48.5233,24.51,90,100,3.78,BR,1676832418
494,chapais,49.7834,-74.8492,-5.12,91,100,6.46,CA,1676832418
495,sao filipe,14.8961,-24.4956,22.35,72,100,4.28,CV,1676832419
496,hirara,24.8,125.2833,18.65,76,100,12.79,JP,1676832419
497,oum hadjer,13.2954,19.6966,25.57,12,0,5.53,TD,1676832420
498,ulladulla,-35.35,150.4667,18.68,93,4,1.58,AU,1676832420
499,geraldton,-28.7667,114.6,23.23,83,100,5.66,AU,1676832421
500,agvali,42.5385,46.1197,-1.19,84,16,4.66,RU,1676832421
501,awjilah,29.1081,21.2869,14.41,44,0,2.02,LY,1676832422
502,samarai,-10.6167,150.6667,27.76,75,66,3.33,PG,1676832423
503,thatta,24.7475,67.9235,21.57,74,40,4.65,PK,1676832423
504,yulara,-25.2406,130.9889,25.24,47,0,3.39,AU,1676832424
505,kaduqli,11.0167,29.7167,26.41,16,7,3.96,SD,1676832424
506,ullapool,57.8987,-5.1604,11.86,86,100,13.48,GB,1676832425
507,gold coast,-28.0,153.4333,24.44,81,40,2.06,AU,1676832425
508,ketchikan,55.3422,-131.6461,4.99,93,100,1.54,US,1676832426
509,verkh-usugli,52.7,115.1667,-25.56,93,7,1.55,RU,1676832426
510,bilma,18.6853,12.9164,20.41,15,5,3.45,NE,1676832427
511,reconquista,-29.15,-59.65,28.14,14,31,2.03,AR,1676832428
512,nanakuli,21.3906,-158.1547,24.46,78,0,2.06,US,1676832428
513,pangnirtung,66.1451,-65.7125,-38.0,61,20,0.0,CA,1676832429
514,mayor pablo lagerenza,-19.9309,-60.7718,29.99,24,38,2.28,PY,1676832429
515,hami,42.8,93.45,0.73,24,100,1.67,CN,1676832430
516,chernogolovka,56.0,38.3667,-5.94,96,100,3.79,RU,1676832430
517,kamenka,51.3223,42.7678,-1.27,96,100,4.91,RU,1676832431
518,mill valley,37.906,-122.545,17.26,54,37,1.79,US,1676832432
519,punta alta,-38.8759,-62.0736,30.3,21,3,8.62,AR,1676832432
520,pinawa,50.1489,-95.8811,-14.16,70,73,3.18,CA,1676832433
521,taltal,-25.4,-70.4833,24.17,71,22,4.29,CL,1676832021
522,olafsvik,64.8945,-23.7142,2.13,96,100,11.95,IS,1676832433
523,olutanga,7.3106,122.8464,26.73,78,100,1.63,PH,1676832434
524,ostrovnoy,68.0531,39.5131,-10.82,88,16,6.88,RU,1676832434
525,lukovetskiy,64.2956,41.9211,-15.53,97,62,2.16,RU,1676832435
526,santa rosa,14.3122,121.1114,25.06,95,100,1.27,PH,1676832373
527,saint-francois,46.4154,3.9054,8.69,79,100,1.54,FR,1676832436
528,necochea,-38.5473,-58.7368,24.61,31,100,7.41,AR,1676832436
529,zabaykalsk,49.6333,117.3167,-24.6,93,6,2.96,RU,1676832437
530,chama,47.1821,8.4636,10.12,76,100,0.51,CH,1676832438
531,wegrow,52.3995,22.0163,1.35,69,10,5.63,PL,1676832378
532,xiongzhou,25.1167,114.3,11.15,76,96,1.29,CN,1676832439
533,purna,19.1833,77.05,23.94,23,0,1.76,IN,1676832439
534,vanimo,-2.6741,141.3028,24.94,89,100,2.1,PG,1676832440
535,klaksvik,62.2266,-6.589,9.51,87,100,16.5,FO,1676832440
536,kyshtovka,56.555,76.6271,-14.68,96,94,2.89,RU,1676832441
537,hangu,39.2489,117.7892,0.02,34,0,4.13,CN,1676832441
538,aleppo,36.25,37.5,9.54,74,0,1.57,SY,1676832442
539,coachella,33.6803,-116.1739,21.45,19,0,3.6,US,1676832443
540,jega,12.2175,4.3792,26.79,12,0,4.44,NG,1676832443
541,bundaberg,-24.85,152.35,21.79,93,100,1.34,AU,1676832444
542,harper,4.375,-7.7169,27.33,79,5,3.76,LR,1676832444
543,kasama,-10.2129,31.1808,18.16,91,100,0.92,ZM,1676832445
544,bereznik,62.8551,42.7072,-13.12,95,90,3.15,RU,1676832445
545,wajid,3.8093,43.2471,27.41,15,98,5.4,SO,1676832446
546,port keats,-14.25,129.55,25.09,87,100,2.09,AU,1676832446
547,belfast,54.5833,-5.9333,11.9,82,100,7.72,GB,1676832383
548,swellendam,-34.0226,20.4417,21.81,62,9,3.15,ZA,1676832447
549,kidal,18.4411,1.4078,23.64,11,0,4.99,ML,1676832448
550,okara,30.8081,73.4458,20.2,20,100,2.72,PK,1676832449
551,geilo,60.5333,8.2076,-7.38,91,100,1.92,NO,1676832449
552,dali,25.7,100.1833,9.17,60,1,2.16,CN,1676832450
553,babylon,40.6957,-73.3257,8.9,75,0,8.75,US,1676832450
554,comodoro rivadavia,-45.8667,-67.5,20.92,16,0,6.69,AR,1676832451
555,greenfield,42.9614,-88.0126,7.47,55,0,8.75,US,1676832413
556,curup,-3.4667,102.5333,19.37,98,89,0.46,ID,1676832451
557,antofagasta,-23.65,-70.4,23.6,70,12,4.83,CL,1676832452
558,mangai,-4.05,19.5333,26.79,56,100,1.07,CD,1676832452
559,milledgeville,33.0801,-83.2321,18.45,59,75,2.57,US,1676832429
560,ngaoundere,7.3167,13.5833,22.47,19,15,2.53,CM,1676832453
561,fort nelson,58.8053,-122.7002,-14.47,82,100,0.0,CA,1676832357
562,kalmar,56.6616,16.3616,1.09,87,75,4.63,SE,1676832454
563,sauda,59.6506,6.3542,4.82,99,100,2.97,NO,1676832455
564,lokossa,6.6387,1.7167,26.42,53,6,2.78,BJ,1676832456
565,beisfjord,68.3751,17.5988,-0.97,92,100,1.13,NO,1676832457
566,berlevag,70.8578,29.0864,-1.0,86,100,5.14,NO,1676832457
567,touho,-20.7833,165.2333,25.53,76,30,6.84,NC,1676832458
568,hamilton,39.1834,-84.5333,14.67,35,0,7.2,US,1676832167
569,senftenberg,51.5167,14.0167,5.09,79,100,2.68,DE,1676832459
570,somerset east,-32.7217,25.588,22.2,59,21,3.1,ZA,1676832459
571,sistranda,63.7256,8.834,0.98,64,100,4.55,NO,1676832460
572,parati,-23.2178,-44.7131,25.94,94,92,1.44,BR,1676832460
573,rincon,32.296,-81.2354,20.98,52,40,2.57,US,1676832461
574,caluquembe,-13.7833,14.6833,17.83,50,55,3.15,AO,1676832461
